"","id","atlas_id","name","acronym","st_level","ontology_id","hemisphere_id","weight","parent_structure_id","depth","graph_id","graph_order","structure_id_path","color_hex_triplet","neuro_name_structure_id","neuro_name_structure_id_path","failed","sphinx_id","structure_name_facet","failed_facet","safe_name","col"
"10153",10153,NA,"neural plate","NP",NA,11,3,8660,NA,0,16,0,"/10153/","D7D8D8",NA,NA,"f",6600,3041346888,734881840,"neural plate","#D7D8D8"
"10154",10154,NA,"neural tube","NT",NA,11,3,8660,10153,1,16,1,"/10153/10154/","D0D0D1",NA,NA,"f",6601,1172862311,734881840,"neural tube","#D0D0D1"
"10155",10155,NA,"brain","Br",NA,11,3,8660,10154,2,16,2,"/10153/10154/10155/","E0E0E0",NA,NA,"f",6602,3016132225,734881840,"brain","#E0E0E0"
"10156",10156,NA,"forebrain (prosencephalon)","F",NA,11,3,8660,10155,3,16,3,"/10153/10154/10155/10156/","EBD6D0",NA,NA,"f",6603,2015023488,734881840,"forebrain (prosencephalon)","#EBD6D0"
"10157",10157,NA,"gray matter of forebrain","FGM",NA,11,3,8660,10156,4,16,4,"/10153/10154/10155/10156/10157/","EBD6D0",NA,NA,"f",6604,545890574,734881840,"gray matter of forebrain","#EBD6D0"
"10158",10158,NA,"telencephalon","Tel",NA,11,3,8660,10157,5,16,657,"/10153/10154/10155/10156/10157/10158/","EBD6D0",NA,NA,"f",7257,2480649783,734881840,"telencephalon","#EBD6D0"
"10331",10331,NA,"cerebral nuclei","CN",NA,11,3,8660,10158,6,16,1759,"/10153/10154/10155/10156/10157/10158/10331/","D7E9C3",NA,NA,"f",8359,1478775071,734881840,"cerebral nuclei","#D7E9C3"
"10361",10361,NA,"amygdaloid complex","AMY",NA,11,3,8660,10331,7,16,1760,"/10153/10154/10155/10156/10157/10158/10331/10361/","C9E2B1",NA,NA,"f",8360,3865625403,734881840,"amygdaloid complex","#C9E2B1"
"10366",10366,NA,"basolateral nuclear group","BLN",NA,11,3,8660,10361,8,16,1793,"/10153/10154/10155/10156/10157/10158/10331/10361/10366/","A6D17A",NA,NA,"f",8393,867419596,734881840,"basolateral nuclear group","#A6D17A"
"10368",10368,NA,"basolateral nucleus (basal nucleus)","BL",NA,11,3,8660,10366,9,16,1805,"/10153/10154/10155/10156/10157/10158/10331/10361/10366/10368/","89BA46",NA,NA,"f",8405,1790905196,734881840,"basolateral nucleus (basal nucleus)","#89BA46"
"10609",10609,NA,"surface structures of forebrain","FSS",NA,11,3,8660,10156,4,16,2271,"/10153/10154/10155/10156/10609/","C8C9CA",NA,NA,"f",8871,2690190484,734881840,"surface structures of forebrain","#C8C9CA"
"12112",12112,NA,"cerebral gyri and lobules","CeG",NA,11,3,8660,10609,5,16,2351,"/10153/10154/10155/10156/10609/12112/","DFCECE",NA,NA,"f",8951,4230225996,734881840,"cerebral gyri and lobules","#DFCECE"
"12139",12139,NA,"temporal lobe","TemL",NA,11,3,8660,12112,6,16,2384,"/10153/10154/10155/10156/10609/12112/12139/","EBBFD0",NA,NA,"f",8984,238039703,734881840,"temporal lobe","#EBBFD0"
"12141",12141,NA,"middle temporal gyrus","MTG",NA,11,3,8660,12139,7,16,2386,"/10153/10154/10155/10156/10609/12112/12139/12141/","D55C92",NA,NA,"f",8986,4000706474,734881840,"middle temporal gyrus","#D55C92"
"12140",12140,NA,"superior temporal gyrus","STG",NA,11,3,8660,12139,7,16,2385,"/10153/10154/10155/10156/10609/12112/12139/12140/","D670A0",NA,NA,"f",8985,146041840,734881840,"superior temporal gyrus","#D670A0"
"12131",12131,NA,"parietal lobe","ParL",NA,11,3,8660,12112,6,16,2375,"/10153/10154/10155/10156/10609/12112/12131/","F0DABE",NA,NA,"f",8975,2021358152,734881840,"parietal lobe","#F0DABE"
"12134",12134,NA,"inferior parietal lobule","IPL",NA,11,3,8660,12131,7,16,2378,"/10153/10154/10155/10156/10609/12112/12131/12134/","D38E32",NA,NA,"f",8978,3969512174,734881840,"inferior parietal lobule","#D38E32"
"12135",12135,NA,"supramarginal gyrus","SMG",NA,11,3,8660,12134,8,16,2379,"/10153/10154/10155/10156/10609/12112/12131/12134/12135/","D38E32",NA,NA,"f",8979,2916425322,734881840,"supramarginal gyrus","#D38E32"
"12132",12132,NA,"postcentral gyrus","PoCG",NA,11,3,8660,12131,7,16,2376,"/10153/10154/10155/10156/10609/12112/12131/12132/","EC813B",NA,NA,"f",8976,2019578173,734881840,"postcentral gyrus","#EC813B"
"10557",10557,NA,"white matter of forebrain","FWM",NA,11,3,8660,10156,4,16,2116,"/10153/10154/10155/10156/10557/","F2F1F0",NA,NA,"f",8716,4251532924,734881840,"white matter of forebrain","#F2F1F0"
"12142",12142,NA,"inferior temporal gyrus","ITG",NA,11,3,8660,12139,7,16,2387,"/10153/10154/10155/10156/10609/12112/12139/12142/","D55C92",NA,NA,"f",8987,1895607128,734881840,"inferior temporal gyrus","#D55C92"
"12136",12136,NA,"angular gyrus","AnG",NA,11,3,8660,12134,8,16,2380,"/10153/10154/10155/10156/10609/12112/12131/12134/12136/","D38E32",NA,NA,"f",8980,1604613321,734881840,"angular gyrus","#D38E32"
"12113",12113,NA,"frontal lobe","FroL",NA,11,3,8660,12112,6,16,2352,"/10153/10154/10155/10156/10609/12112/12113/","F2E5BB",NA,NA,"f",8952,1308459316,734881840,"frontal lobe","#F2E5BB"
"12114",12114,NA,"precentral gyrus","PrCG",NA,11,3,8660,12113,7,16,2353,"/10153/10154/10155/10156/10609/12112/12113/12114/","EDCF37",NA,NA,"f",8953,319519472,734881840,"precentral gyrus","#EDCF37"
"12145",12145,NA,"planum temporale","PLT",NA,11,3,8660,12139,7,16,2393,"/10153/10154/10155/10156/10609/12112/12139/12145/","D670A0",NA,NA,"f",8993,183699187,734881840,"planum temporale","#D670A0"
"13230",13230,NA,"parietal operculum","PaO",NA,11,3,8660,12131,7,16,2383,"/10153/10154/10155/10156/10609/12112/12131/13230/","E8AF66",NA,NA,"f",8983,4042669292,734881840,"parietal operculum","#E8AF66"
"12144",12144,NA,"transverse temporal gyrus (Heschl's gyrus)","TTG",NA,11,3,8660,12139,7,16,2390,"/10153/10154/10155/10156/10609/12112/12139/12144/","D670A0",NA,NA,"f",8990,3625896983,734881840,"transverse temporal gyrus (Heschl's gyrus)","#D670A0"
"12117",12117,NA,"inferior frontal gyrus","IFG",NA,11,3,8660,12113,7,16,2356,"/10153/10154/10155/10156/10609/12112/12113/12117/","C2A335",NA,NA,"f",8956,1634435453,734881840,"inferior frontal gyrus","#C2A335"
"12119",12119,NA,"inferior frontal gyrus, opercular part","IFGop",NA,11,3,8660,12117,8,16,2358,"/10153/10154/10155/10156/10609/12112/12113/12117/12119/","C2A335",NA,NA,"f",8958,1391890174,734881840,"inferior frontal gyrus opercular part","#C2A335"
"12118",12118,NA,"inferior frontal gyrus, triangular part","IFGtr",NA,11,3,8660,12117,8,16,2357,"/10153/10154/10155/10156/10609/12112/12113/12117/12118/","C2A335",NA,NA,"f",8957,3115098062,734881840,"inferior frontal gyrus triangular part","#C2A335"
"12147",12147,NA,"planum polare","PLP",NA,11,3,8660,12139,7,16,2396,"/10153/10154/10155/10156/10609/12112/12139/12147/","D670A0",NA,NA,"f",8996,4039108234,734881840,"planum polare","#D670A0"
"10653",10653,NA,"hindbrain (rhombencephalon)","H",NA,11,3,8660,10155,3,16,2672,"/10153/10154/10155/10653/","CAD7EE",NA,NA,"f",9272,440055500,734881840,"hindbrain (rhombencephalon)","#CAD7EE"
"10654",10654,NA,"gray matter of the hindbrain","HGM",NA,11,3,8660,10653,4,16,2673,"/10153/10154/10155/10653/10654/","CAD7EE",NA,NA,"f",9273,979109732,734881840,"gray matter of the hindbrain","#CAD7EE"
"10655",10655,NA,"metencephalon","Met",NA,11,3,8660,10654,5,16,2674,"/10153/10154/10155/10653/10654/10655/","B3C8E7",NA,NA,"f",9274,3028041611,734881840,"metencephalon","#B3C8E7"
"10656",10656,NA,"cerebellum","CB",NA,11,3,8660,10655,6,16,2675,"/10153/10154/10155/10653/10654/10655/10656/","9EBAE1",NA,NA,"f",9275,3184351876,734881840,"cerebellum","#9EBAE1"
"10657",10657,NA,"cerebellar cortex","CBC",NA,11,3,8660,10656,7,16,2676,"/10153/10154/10155/10653/10654/10655/10656/10657/","89ADDB",NA,NA,"f",9276,1747966554,734881840,"cerebellar cortex","#89ADDB"
"10659",10659,NA,"cerebellar hemisphere","CBH",NA,11,3,8660,10657,8,16,2695,"/10153/10154/10155/10653/10654/10655/10656/10657/10659/","6197D0",NA,NA,"f",9295,4016245784,734881840,"cerebellar hemisphere","#6197D0"
"12390",12390,NA,"lateral hemisphere of cerebellum","CBL",NA,11,3,8660,10659,9,16,2714,"/10153/10154/10155/10653/10654/10655/10656/10657/10659/12390/","4A8ECC",NA,NA,"f",9314,3684015588,734881840,"lateral hemisphere of cerebellum","#4A8ECC"
"12148",12148,NA,"occipital lobe","OccL",NA,11,3,8660,12112,6,16,2397,"/10153/10154/10155/10156/10609/12112/12148/","E7ACA1",NA,NA,"f",8997,693317856,734881840,"occipital lobe","#E7ACA1"
"12153",12153,NA,"inferior occipital gyrus","IOG",NA,11,3,8660,12148,7,16,2404,"/10153/10154/10155/10156/10609/12112/12148/12153/","D14D46",NA,NA,"f",9004,585965945,734881840,"inferior occipital gyrus","#D14D46"
"12116",12116,NA,"middle frontal gyrus","MFG",NA,11,3,8660,12113,7,16,2355,"/10153/10154/10155/10156/10609/12112/12113/12116/","D4B235",NA,NA,"f",8955,2361053306,734881840,"middle frontal gyrus","#D4B235"
"12146",12146,NA,"temporal pole","TP",NA,11,3,8660,12139,7,16,2394,"/10153/10154/10155/10156/10609/12112/12139/12146/","C8538B",NA,NA,"f",8994,2323445566,734881840,"temporal pole","#C8538B"
"12125",12125,NA,"lateral orbital gyrus","LOrG",NA,11,3,8660,12113,7,16,2364,"/10153/10154/10155/10156/10609/12112/12113/12125/","AB9158",NA,NA,"f",8964,4022660210,734881840,"lateral orbital gyrus","#AB9158"
"12152",12152,NA,"occipitotemporal (fusiform) gyrus, occipital part","FuGo",NA,11,3,8660,12148,7,16,2403,"/10153/10154/10155/10156/10609/12112/12148/12152/","D14D46",NA,NA,"f",9003,776358254,734881840,"occipitotemporal (fusiform) gyrus occipital part","#D14D46"
"12143",12143,NA,"occipitotemporal (fusiform) gyrus, temporal part","FuGt",NA,11,3,8660,12139,7,16,2388,"/10153/10154/10155/10156/10609/12112/12139/12143/","D55C92",NA,NA,"f",8988,3500553714,734881840,"occipitotemporal (fusiform) gyrus temporal part","#D55C92"
"12127",12127,NA,"frontal operculum","FrO",NA,11,3,8660,12113,7,16,2367,"/10153/10154/10155/10156/10609/12112/12113/12127/","C2A335",NA,NA,"f",8967,3661235456,734881840,"frontal operculum","#C2A335"
"10668",10668,NA,"white matter of hindbrain","HWM",NA,11,3,8660,10653,4,16,3123,"/10153/10154/10155/10653/10668/","F2F1F0",NA,NA,"f",9723,2565261686,734881840,"white matter of hindbrain","#F2F1F0"
"12154",12154,NA,"superior occipital gyrus","SOG",NA,11,3,8660,12148,7,16,2405,"/10153/10154/10155/10156/10609/12112/12148/12154/","D14D46",NA,NA,"f",9005,4204282467,734881840,"superior occipital gyrus","#D14D46"
"12133",12133,NA,"supraparietal lobule","SPL",NA,11,3,8660,12131,7,16,2377,"/10153/10154/10155/10156/10609/12112/12131/12133/","E49C33",NA,NA,"f",8977,838816089,734881840,"supraparietal lobule","#E49C33"
"12176",12176,NA,"insular lobe","InL",NA,11,3,8660,12112,6,16,2406,"/10153/10154/10155/10156/10609/12112/12176/","E5AB9A",NA,NA,"f",9006,503364854,734881840,"insular lobe","#E5AB9A"
"12178",12178,NA,"short insular gyri","SIG",NA,11,3,8660,12176,7,16,2408,"/10153/10154/10155/10156/10609/12112/12176/12178/","D16146",NA,NA,"f",9008,1640436988,734881840,"short insular gyri","#D16146"
"10568",10568,NA,"forebrain ipsilateral fiber tracts","FIFT",NA,11,3,8660,10557,5,16,2137,"/10153/10154/10155/10156/10557/10568/","F2F1F0",NA,NA,"f",8737,1045988344,734881840,"forebrain ipsilateral fiber tracts","#F2F1F0"
"266441621",266441621,NA,"optic radiation","or",NA,11,3,8660,10568,6,16,2221,"/10153/10154/10155/10156/10557/10568/266441621/","F2F1F0",NA,NA,"f",8821,3215415810,734881840,"optic radiation","#F2F1F0"
"12177",12177,NA,"long insular gyri","LIG",NA,11,3,8660,12176,7,16,2407,"/10153/10154/10155/10156/10609/12112/12176/12177/","C45539",NA,NA,"f",9007,2224122869,734881840,"long insular gyri","#C45539"
"12124",12124,NA,"posterior intermediate orbital gyrus","POrG",NA,11,3,8660,12113,7,16,2363,"/10153/10154/10155/10156/10609/12112/12113/12124/","CAB781",NA,NA,"f",8963,185005903,734881840,"posterior intermediate orbital gyrus","#CAB781"
"146034884",146034884,NA,"frontomarginal gyrus","FMG",NA,11,3,8660,12113,7,16,2373,"/10153/10154/10155/10156/10609/12112/12113/146034884/","EECF38",NA,NA,"f",8973,3497797877,734881840,"frontomarginal gyrus","#EECF38"
"146034892",146034892,NA,"perirhinal gyrus ( rostral part of FuGt)","PRG",NA,11,3,8660,12143,8,16,2389,"/10153/10154/10155/10156/10609/12112/12139/12143/146034892/","D55C92",NA,NA,"f",8989,423346964,734881840,"perirhinal gyrus ( rostral part of FuGt)","#D55C92"
"12179",12179,NA,"limen insula","LI",NA,11,3,8660,10609,5,16,2437,"/10153/10154/10155/10156/10609/12179/","D0D0D1",NA,NA,"f",9037,2492582007,734881840,"limen insula","#D0D0D1"
"10595",10595,NA,"ventricles of forebrain","FV",NA,11,3,8660,10156,4,16,2256,"/10153/10154/10155/10156/10595/","231F20",NA,NA,"f",8856,2242092230,734881840,"ventricles of forebrain","#231F20"
"10596",10596,NA,"lateral ventricles","LV",NA,11,3,8660,10595,5,16,2257,"/10153/10154/10155/10156/10595/10596/","231F20",NA,NA,"f",8857,986785663,734881840,"lateral ventricles","#231F20"
"10600",10600,NA,"inferior horn of lateral ventricle","iLV",NA,11,3,8660,10596,6,16,2262,"/10153/10154/10155/10156/10595/10596/10600/","231F20",NA,NA,"f",8862,1888552044,734881840,"inferior horn of lateral ventricle","#231F20"
"12123",12123,NA,"anterior intermediate orbital gyrus","AOrG",NA,11,3,8660,12113,7,16,2362,"/10153/10154/10155/10156/10609/12112/12113/12123/","CAB781",NA,NA,"f",8962,3385945904,734881840,"anterior intermediate orbital gyrus","#CAB781"
"266441657",266441657,NA,"atrium of lateral ventricle","xLV",NA,11,3,8660,10596,6,16,2260,"/10153/10154/10155/10156/10595/10596/266441657/","231F20",NA,NA,"f",8860,167387948,734881840,"atrium of lateral ventricle","#231F20"
"10346",10346,NA,"claustrum","Cla",NA,11,3,8660,10331,7,16,1894,"/10153/10154/10155/10156/10157/10158/10331/10346/","AADBCE",NA,NA,"f",8494,513558180,734881840,"claustrum","#AADBCE"
"10159",10159,NA,"cerebral cortex","Cx",NA,11,3,8660,10158,6,16,658,"/10153/10154/10155/10156/10157/10158/10159/","E9CCC2",NA,NA,"f",7258,1590308642,734881840,"cerebral cortex","#E9CCC2"
"10313",10313,NA,"periallocortex","PACx",NA,11,3,8660,10159,7,16,1426,"/10153/10154/10155/10156/10157/10158/10159/10313/","DCD0C6",NA,NA,"f",8026,4105229056,734881840,"periallocortex","#DCD0C6"
"10327",10327,NA,"peripaleocortex","PPCx",NA,11,3,8660,10313,8,16,1580,"/10153/10154/10155/10156/10157/10158/10159/10313/10327/","CBB7A8",NA,NA,"f",8180,1755261336,734881840,"peripaleocortex","#CBB7A8"
"10330",10330,NA,"temporal agranular insular cortex (area TI)","TI",NA,11,3,8660,10327,9,16,1593,"/10153/10154/10155/10156/10157/10158/10159/10313/10327/10330/","B5967F",NA,NA,"f",8193,2127391511,734881840,"temporal agranular insular cortex (area TI)","#B5967F"
"10332",10332,NA,"basal nuclei (basal ganglia)","BN",NA,11,3,8660,10331,7,16,1859,"/10153/10154/10155/10156/10157/10158/10331/10332/","E2EACA",NA,NA,"f",8459,3252457550,734881840,"basal nuclei (basal ganglia)","#E2EACA"
"10333",10333,NA,"striatum","STR",NA,11,3,8660,10332,8,16,1860,"/10153/10154/10155/10156/10157/10158/10331/10332/10333/","C1CEA7",NA,NA,"f",8460,1010549864,734881840,"striatum","#C1CEA7"
"10334",10334,NA,"caudate nucleus","Ca",NA,11,3,8660,10333,9,16,1861,"/10153/10154/10155/10156/10157/10158/10331/10332/10333/10334/","99A677",NA,NA,"f",8461,1659591287,734881840,"caudate nucleus","#99A677"
"10337",10337,NA,"tail of caudate","CaT",NA,11,3,8660,10334,10,16,1867,"/10153/10154/10155/10156/10157/10158/10331/10332/10333/10334/10337/","91A06E",NA,NA,"f",8467,1568564292,734881840,"tail of caudate","#91A06E"
"12155",12155,NA,"limbic lobe","LimL",NA,11,3,8660,12112,6,16,2409,"/10153/10154/10155/10156/10609/12112/12155/","D1CEE2",NA,NA,"f",9009,717117454,734881840,"limbic lobe","#D1CEE2"
"12170",12170,NA,"hippocampal gyrus (formation)","HiF",NA,11,3,8660,12155,7,16,2425,"/10153/10154/10155/10156/10609/12112/12155/12170/","AA9DC6",NA,NA,"f",9025,2555278977,734881840,"hippocampal gyrus (formation)","#AA9DC6"
"12173",12173,NA,"body of hippocampus","HiB",NA,11,3,8660,12170,8,16,2428,"/10153/10154/10155/10156/10609/12112/12155/12170/12173/","AA9DC6",NA,NA,"f",9028,4177318042,734881840,"body of hippocampus","#AA9DC6"
"12171",12171,NA,"head of hippocampus","HiH",NA,11,3,8660,12170,8,16,2426,"/10153/10154/10155/10156/10609/12112/12155/12170/12171/","AA9DC6",NA,NA,"f",9026,2360319530,734881840,"head of hippocampus","#AA9DC6"
"12174",12174,NA,"tail of hippocampus","HiT",NA,11,3,8660,12170,8,16,2429,"/10153/10154/10155/10156/10609/12112/12155/12170/12174/","AA9DC6",NA,NA,"f",9029,3784290960,734881840,"tail of hippocampus","#AA9DC6"
"12162",12162,NA,"parahippocampal gyrus","PHG",NA,11,3,8660,12155,7,16,2417,"/10153/10154/10155/10156/10609/12112/12155/12162/","D2BFB2",NA,NA,"f",9017,804601343,734881840,"parahippocampal gyrus","#D2BFB2"
"12164",12164,NA,"posterior parahippocampal gyrus","PPH",NA,11,3,8660,12162,8,16,2419,"/10153/10154/10155/10156/10609/12112/12155/12162/12164/","C15184",NA,NA,"f",9019,1876852952,734881840,"posterior parahippocampal gyrus","#C15184"
"12163",12163,NA,"anterior parahippocampal gyrus","APH",NA,11,3,8660,12162,8,16,2418,"/10153/10154/10155/10156/10609/12112/12155/12162/12163/","D2BFB2",NA,NA,"f",9018,1299192845,734881840,"anterior parahippocampal gyrus","#D2BFB2"
"12151",12151,NA,"lingual gyrus","LiG",NA,11,3,8660,12148,7,16,2402,"/10153/10154/10155/10156/10609/12112/12148/12151/","C13331",NA,NA,"f",9002,59015633,734881840,"lingual gyrus","#C13331"
"10338",10338,NA,"putamen","Pu",NA,11,3,8660,10333,9,16,1870,"/10153/10154/10155/10156/10157/10158/10331/10332/10333/10338/","A8B485",NA,NA,"f",8470,1470942848,734881840,"putamen","#A8B485"
"146034754",146034754,NA,"posteroventral putamen","PuPV",NA,11,3,8660,10338,10,16,1877,"/10153/10154/10155/10156/10157/10158/10331/10332/10333/10338/146034754/","A8B485",NA,NA,"f",8477,2011630625,734881840,"posteroventral putamen","#A8B485"
"10329",10329,NA,"frontal agranular insular cortex (area FI)","FI",NA,11,3,8660,10327,9,16,1587,"/10153/10154/10155/10156/10157/10158/10159/10313/10327/10329/","C1A68F",NA,NA,"f",8187,1101825180,734881840,"frontal agranular insular cortex (area FI)","#C1A68F"
"12115",12115,NA,"superior frontal gyrus","SFG",NA,11,3,8660,12113,7,16,2354,"/10153/10154/10155/10156/10609/12112/12113/12115/","D4B235",NA,NA,"f",8954,778210101,734881840,"superior frontal gyrus","#D4B235"
"10367",10367,NA,"lateral nucleus","La",NA,11,3,8660,10366,9,16,1794,"/10153/10154/10155/10156/10157/10158/10331/10361/10366/10367/","A6D17A",NA,NA,"f",8394,710955581,734881840,"lateral nucleus","#A6D17A"
"10292",10292,NA,"allocortex","ACx",NA,11,3,8660,10159,7,16,1599,"/10153/10154/10155/10156/10157/10158/10159/10292/","D1CEE2",NA,NA,"f",8199,3705319279,734881840,"allocortex","#D1CEE2"
"10306",10306,NA,"paleocortex (semicortex)","PalCx",NA,11,3,8660,10292,8,16,1731,"/10153/10154/10155/10156/10157/10158/10159/10292/10306/","BFB5D5",NA,NA,"f",8331,408842138,734881840,"paleocortex (semicortex)","#BFB5D5"
"10311",10311,NA,"piriform cortex","Pir",NA,11,3,8660,10306,9,16,1751,"/10153/10154/10155/10156/10157/10158/10159/10292/10306/10311/","AA9DC6",NA,NA,"f",8351,524550472,734881840,"piriform cortex","#AA9DC6"
"10599",10599,NA,"posterior horn of lateral ventricle","pLV",NA,11,3,8660,10596,6,16,2261,"/10153/10154/10155/10156/10595/10596/10599/","231F20",NA,NA,"f",8861,2852729053,734881840,"posterior horn of lateral ventricle","#231F20"
"10558",10558,NA,"forebrain commissural fiber tracts","FCFT",NA,11,3,8660,10557,5,16,2117,"/10153/10154/10155/10156/10557/10558/","F2F1F0",NA,NA,"f",8717,2292408842,734881840,"forebrain commissural fiber tracts","#F2F1F0"
"10559",10559,NA,"anterior commissure","ac",NA,11,3,8660,10558,6,16,2118,"/10153/10154/10155/10156/10557/10558/10559/","F2F1F0",NA,NA,"f",8718,2776019666,734881840,"anterior commissure","#F2F1F0"
"12149",12149,NA,"occipital pole","OP",NA,11,3,8660,12148,7,16,2398,"/10153/10154/10155/10156/10609/12112/12148/12149/","C13331",NA,NA,"f",8998,2904552777,734881840,"occipital pole","#C13331"
"146034888",146034888,NA,"frontal pole","FP",NA,11,3,8660,12113,7,16,2374,"/10153/10154/10155/10156/10609/12112/12113/146034888/","EAD180",NA,NA,"f",8974,3383837853,734881840,"frontal pole","#EAD180"
"10362",10362,NA,"anterior amygdaloid area","AAA",NA,11,3,8660,10361,8,16,1761,"/10153/10154/10155/10156/10157/10158/10331/10361/10362/","C0DD9D",NA,NA,"f",8361,962083354,734881840,"anterior amygdaloid area","#C0DD9D"
"12137",12137,NA,"precuneus","PrCun",NA,11,3,8660,12131,7,16,2381,"/10153/10154/10155/10156/10609/12112/12131/12137/","E49C33",NA,NA,"f",8981,2426541137,734881840,"precuneus","#E49C33"
"12150",12150,NA,"cuneus","Cun",NA,11,3,8660,12148,7,16,2401,"/10153/10154/10155/10156/10609/12112/12148/12150/","C13331",NA,NA,"f",9001,3249958,734881840,"cuneus","#C13331"
"10598",10598,NA,"body of lateral ventricle","bLV",NA,11,3,8660,10596,6,16,2259,"/10153/10154/10155/10156/10595/10596/10598/","231F20",NA,NA,"f",8859,3325903677,734881840,"body of lateral ventricle","#231F20"
"10363",10363,NA,"central nuclear group","CEN",NA,11,3,8660,10361,8,16,1764,"/10153/10154/10155/10156/10157/10158/10331/10361/10363/","AFD58A",NA,NA,"f",8364,446640437,734881840,"central nuclear group","#AFD58A"
"12768",12768,NA,"middle cerebellar peduncle","mcp",NA,11,3,8660,10668,5,16,3166,"/10153/10154/10155/10653/10668/12768/","F2F1F0",NA,NA,"f",9766,733008278,734881840,"middle cerebellar peduncle","#F2F1F0"
"13229",13229,NA,"lateral olfactory gyrus","LOG",NA,11,3,8660,12113,7,16,2372,"/10153/10154/10155/10156/10609/12112/12113/13229/","AA9DC6",NA,NA,"f",8972,2449780966,734881840,"lateral olfactory gyrus","#AA9DC6"
"12122",12122,NA,"medial orbital gyrus","MOrG",NA,11,3,8660,12113,7,16,2361,"/10153/10154/10155/10156/10609/12112/12113/12122/","CAB781",NA,NA,"f",8961,2938661551,734881840,"medial orbital gyrus","#CAB781"
"12156",12156,NA,"cingulate gyrus","CgG",NA,11,3,8660,12155,7,16,2410,"/10153/10154/10155/10156/10609/12112/12155/12156/","EFB9BE",NA,NA,"f",9010,106835083,734881840,"cingulate gyrus","#EFB9BE"
"12158",12158,NA,"cingulate gyrus, caudal (posterior) part","CgGc",NA,11,3,8660,12156,8,16,2412,"/10153/10154/10155/10156/10609/12112/12155/12156/12158/","DF4F72",NA,NA,"f",9012,266435823,734881840,"cingulate gyrus caudal (posterior) part","#DF4F72"
"10342",10342,NA,"globus pallidus","GP",NA,11,3,8660,10332,8,16,1887,"/10153/10154/10155/10156/10157/10158/10331/10332/10342/","D7E0BF",NA,NA,"f",8487,1694834051,734881840,"globus pallidus","#D7E0BF"
"10343",10343,NA,"external segment of globus pallidus","GPe",NA,11,3,8660,10342,9,16,1888,"/10153/10154/10155/10156/10157/10158/10331/10332/10342/10343/","D7E0BF",NA,NA,"f",8488,2539442022,734881840,"external segment of globus pallidus","#D7E0BF"
"10389",10389,NA,"diencephalon","Die",NA,11,3,8660,10157,5,16,1925,"/10153/10154/10155/10156/10157/10389/","E4CCE3",NA,NA,"f",8525,2009448677,734881840,"diencephalon","#E4CCE3"
"10390",10390,NA,"thalamus","THM",NA,11,3,8660,10389,6,16,1926,"/10153/10154/10155/10156/10157/10389/10390/","E4CCE3",NA,NA,"f",8526,853172498,734881840,"thalamus","#E4CCE3"
"10391",10391,NA,"dorsal thalamus","DTH",NA,11,3,8660,10390,7,16,1927,"/10153/10154/10155/10156/10157/10389/10390/10391/","CC9FC9",NA,NA,"f",8527,3274445741,734881840,"dorsal thalamus","#CC9FC9"
"10428",10428,NA,"posterior nuclear complex of thalamus","PoN",NA,11,3,8660,10391,8,16,1972,"/10153/10154/10155/10156/10157/10389/10390/10391/10428/","BF89BC",NA,NA,"f",8572,3145188637,734881840,"posterior nuclear complex of thalamus","#BF89BC"
"10429",10429,NA,"lateral geniculate nucleus","LG",NA,11,3,8660,10428,9,16,1973,"/10153/10154/10155/10156/10157/10389/10390/10391/10428/10429/","8C4685",NA,NA,"f",8573,700111476,734881840,"lateral geniculate nucleus","#8C4685"
"10430",10430,NA,"dorsal lateral geniculate nucleus","DLG",NA,11,3,8660,10429,10,16,1974,"/10153/10154/10155/10156/10157/10389/10390/10391/10428/10429/10430/","8C4685",NA,NA,"f",8574,2481579255,734881840,"dorsal lateral geniculate nucleus","#8C4685"
"10589",10589,NA,"optic tract","ot",NA,11,3,8660,10568,6,16,2222,"/10153/10154/10155/10156/10557/10568/10589/","F2F1F0",NA,NA,"f",8822,473050819,734881840,"optic tract","#F2F1F0"
"10369",10369,NA,"basomedial nucleus (accessory basal nucleus)","BM",NA,11,3,8660,10366,9,16,1812,"/10153/10154/10155/10156/10157/10158/10331/10361/10366/10369/","9CCC66",NA,NA,"f",8412,2341846952,734881840,"basomedial nucleus (accessory basal nucleus)","#9CCC66"
"10406",10406,NA,"lateral nuclear complex of thalamus","LNC",NA,11,3,8660,10391,8,16,1943,"/10153/10154/10155/10156/10157/10389/10390/10391/10406/","B67BB4",NA,NA,"f",8543,3095985169,734881840,"lateral nuclear complex of thalamus","#B67BB4"
"10407",10407,NA,"dorsal group of lateral nucleus","DLN",NA,11,3,8660,10406,9,16,1944,"/10153/10154/10155/10156/10157/10389/10390/10391/10406/10407/","B67BB4",NA,NA,"f",8544,2266060179,734881840,"dorsal group of lateral nucleus","#B67BB4"
"10409",10409,NA,"pulvinar of thalamus","Pul",NA,11,3,8660,10407,10,16,1946,"/10153/10154/10155/10156/10157/10389/10390/10391/10406/10407/10409/","B067A9",NA,NA,"f",8546,3959532718,734881840,"pulvinar of thalamus","#B067A9"
"10349",10349,NA,"basal forebrain","BF",NA,11,3,8660,10331,7,16,1898,"/10153/10154/10155/10156/10157/10158/10331/10349/","DDDDAF",NA,NA,"f",8498,4252748422,734881840,"basal forebrain","#DDDDAF"
"10336",10336,NA,"body of caudate","CaB",NA,11,3,8660,10334,10,16,1866,"/10153/10154/10155/10156/10157/10158/10331/10332/10333/10334/10336/","99A677",NA,NA,"f",8466,602570987,734881840,"body of caudate","#99A677"
"10344",10344,NA,"internal segment of globus pallidus","GPi",NA,11,3,8660,10342,9,16,1889,"/10153/10154/10155/10156/10157/10158/10331/10332/10342/10344/","D0D9B2",NA,NA,"f",8489,725140182,734881840,"internal segment of globus pallidus","#D0D9B2"
"10416",10416,NA,"ventral group of lateral nucleus","VLN",NA,11,3,8660,10406,9,16,1953,"/10153/10154/10155/10156/10157/10389/10390/10391/10406/10416/","A554A0",NA,NA,"f",8553,1317049715,734881840,"ventral group of lateral nucleus","#A554A0"
"10423",10423,NA,"ventral posterior nucleus of thalamus","VPT",NA,11,3,8660,10416,10,16,1963,"/10153/10154/10155/10156/10157/10389/10390/10391/10406/10416/10423/","9E4C94",NA,NA,"f",8563,4135696147,734881840,"ventral posterior nucleus of thalamus","#9E4C94"
"10424",10424,NA,"ventral posterior lateral nucleus","VPL",NA,11,3,8660,10423,11,16,1964,"/10153/10154/10155/10156/10157/10389/10390/10391/10406/10416/10423/10424/","9E4C94",NA,NA,"f",8564,1883838816,734881840,"ventral posterior lateral nucleus","#9E4C94"
"10372",10372,NA,"corticomedial nuclear group","CMN",NA,11,3,8660,10361,8,16,1773,"/10153/10154/10155/10156/10157/10158/10331/10361/10372/","A6D17A",NA,NA,"f",8373,1289549808,734881840,"corticomedial nuclear group","#A6D17A"
"10376",10376,NA,"medial nucleus","Me",NA,11,3,8660,10372,9,16,1783,"/10153/10154/10155/10156/10157/10158/10331/10361/10372/10376/","9CCC66",NA,NA,"f",8383,2127897992,734881840,"medial nucleus","#9CCC66"
"10408",10408,NA,"lateral posterior nucleus of thalamus","LP",NA,11,3,8660,10407,10,16,1945,"/10153/10154/10155/10156/10157/10389/10390/10391/10406/10407/10408/","B067A9",NA,NA,"f",8545,1780265522,734881840,"lateral posterior nucleus of thalamus","#B067A9"
"10373",10373,NA,"cortical amygdaloid nuclei","Co",NA,11,3,8660,10372,9,16,1774,"/10153/10154/10155/10156/10157/10158/10331/10361/10372/10373/","9CCC66",NA,NA,"f",8374,2568595138,734881840,"cortical amygdaloid nuclei","#9CCC66"
"10374",10374,NA,"anterior cortical nucleus","CoA",NA,11,3,8660,10373,10,16,1775,"/10153/10154/10155/10156/10157/10158/10331/10361/10372/10373/10374/","89BA46",NA,NA,"f",8375,2944384847,734881840,"anterior cortical nucleus","#89BA46"
"10461",10461,NA,"ventral thalamus","VTH",NA,11,3,8660,10390,7,16,2032,"/10153/10154/10155/10156/10157/10389/10390/10461/","BF89BC",NA,NA,"f",8632,1795631310,734881840,"ventral thalamus","#BF89BC"
"10463",10463,NA,"zona incerta","ZI",NA,11,3,8660,10461,8,16,2034,"/10153/10154/10155/10156/10157/10389/10390/10461/10463/","B067A9",NA,NA,"f",8634,3555537604,734881840,"zona incerta","#B067A9"
"10648",10648,NA,"midbrain (mesencephalon)","M",NA,11,3,8660,10155,3,16,2459,"/10153/10154/10155/10648/","AFD0DD",NA,NA,"f",9059,3486056076,734881840,"midbrain (mesencephalon)","#AFD0DD"
"10650",10650,NA,"white matter of midbrain","MWM",NA,11,3,8660,10648,4,16,2612,"/10153/10154/10155/10648/10650/","F2F1F0",NA,NA,"f",9212,1165768629,734881840,"white matter of midbrain","#F2F1F0"
"12330",12330,NA,"cerebral peduncle (crus cerebri)","cpd",NA,11,3,8660,10650,5,16,2616,"/10153/10154/10155/10648/10650/12330/","F2F1F0",NA,NA,"f",9216,4233455832,734881840,"cerebral peduncle (crus cerebri)","#F2F1F0"
"12159",12159,NA,"cingulo-parahippocampal isthmus","IsCPH",NA,11,3,8660,12155,7,16,2414,"/10153/10154/10155/10156/10609/12112/12155/12159/","C4AD9A",NA,NA,"f",9014,2954920467,734881840,"cingulo-parahippocampal isthmus","#C4AD9A"
"10375",10375,NA,"posterior cortical nucleus","CoP",NA,11,3,8660,10373,10,16,1779,"/10153/10154/10155/10156/10157/10158/10331/10361/10372/10373/10375/","92C851",NA,NA,"f",8379,177521906,734881840,"posterior cortical nucleus","#92C851"
"10335",10335,NA,"head of caudate","CaH",NA,11,3,8660,10334,10,16,1862,"/10153/10154/10155/10156/10157/10158/10331/10332/10333/10334/10335/","91A06E",NA,NA,"f",8462,424310887,734881840,"head of caudate","#91A06E"
"10661",10661,NA,"pons","Pn",NA,11,3,8660,10655,6,16,2743,"/10153/10154/10155/10653/10654/10655/10661/","AFC3DB",NA,NA,"f",9343,998413618,734881840,"pons","#AFC3DB"
"12405",12405,NA,"basilar part of pons","PnBa",NA,11,3,8660,10661,7,16,2744,"/10153/10154/10155/10653/10654/10655/10661/12405/","7893C7",NA,NA,"f",9344,3520379295,734881840,"basilar part of pons","#7893C7"
"10377",10377,NA,"amygdalohippocampal area","AHA",NA,11,3,8660,10372,9,16,1789,"/10153/10154/10155/10156/10157/10158/10331/10361/10372/10377/","89BA46",NA,NA,"f",8389,1573676220,734881840,"amygdalohippocampal area","#89BA46"
"10339",10339,NA,"nucleus accumbens","NAC",NA,11,3,8660,10333,9,16,1879,"/10153/10154/10155/10156/10157/10158/10331/10332/10333/10339/","91A06E",NA,NA,"f",8479,1425846938,734881840,"nucleus accumbens","#91A06E"
"12138",12138,NA,"paracentral lobule, caudal part","PCLc",NA,11,3,8660,12131,7,16,2382,"/10153/10154/10155/10156/10609/12112/12131/12138/","E49C33",NA,NA,"f",8982,1084316475,734881840,"paracentral lobule caudal part","#E49C33"
"10434",10434,NA,"medial geniculate nuclei","MG",NA,11,3,8660,10428,9,16,1986,"/10153/10154/10155/10156/10157/10389/10390/10391/10428/10434/","B67BB4",NA,NA,"f",8586,3454614373,734881840,"medial geniculate nuclei","#B67BB4"
"10420",10420,NA,"ventral lateral nucleus of thalamus","VL",NA,11,3,8660,10416,10,16,1957,"/10153/10154/10155/10156/10157/10389/10390/10391/10406/10416/10420/","B067A9",NA,NA,"f",8557,1414483349,734881840,"ventral lateral nucleus of thalamus","#B067A9"
"10660",10660,NA,"cerebellar deep nuclei","CbDN",NA,11,3,8660,10656,7,16,2732,"/10153/10154/10155/10653/10654/10655/10656/10660/","3E80BA",NA,NA,"f",9332,2812003744,734881840,"cerebellar deep nuclei","#3E80BA"
"12126",12126,NA,"paracentral lobule, rostral part","PCLr",NA,11,3,8660,12113,7,16,2365,"/10153/10154/10155/10156/10609/12112/12113/12126/","EDCF37",NA,NA,"f",8965,599880437,734881840,"paracentral lobule rostral part","#EDCF37"
"10597",10597,NA,"anterior horn of lateral ventricle","aLV",NA,11,3,8660,10596,6,16,2258,"/10153/10154/10155/10156/10595/10596/10597/","231F20",NA,NA,"f",8858,2859395169,734881840,"anterior horn of lateral ventricle","#231F20"
"10576",10576,NA,"fornix","fx",NA,11,3,8660,10568,6,16,2166,"/10153/10154/10155/10156/10557/10568/10576/","F2F1F0",NA,NA,"f",8766,496175781,734881840,"fornix","#F2F1F0"
"12165",12165,NA,"uncus of parahippocampal gyrus","UN",NA,11,3,8660,12162,8,16,2420,"/10153/10154/10155/10156/10609/12112/12155/12162/12165/","D2BFB2",NA,NA,"f",9020,1503870193,734881840,"uncus of parahippocampal gyrus","#D2BFB2"
"12166",12166,NA,"ambiens gyrus","AG",NA,11,3,8660,12165,9,16,2421,"/10153/10154/10155/10156/10609/12112/12155/12162/12165/12166/","D2BFB2",NA,NA,"f",9021,3071001694,734881840,"ambiens gyrus","#D2BFB2"
"10417",10417,NA,"ventral anterior nucleus of thalamus","VA",NA,11,3,8660,10416,10,16,1954,"/10153/10154/10155/10156/10157/10389/10390/10391/10406/10416/10417/","A554A0",NA,NA,"f",8554,877466166,734881840,"ventral anterior nucleus of thalamus","#A554A0"
"10561",10561,NA,"corpus callosum","cc",NA,11,3,8660,10558,6,16,2119,"/10153/10154/10155/10156/10557/10558/10561/","F2F1F0",NA,NA,"f",8719,3022588286,734881840,"corpus callosum","#F2F1F0"
"10649",10649,NA,"gray matter of midbrain","MGM",NA,11,3,8660,10648,4,16,2460,"/10153/10154/10155/10648/10649/","A0C7D5",NA,NA,"f",9060,2829028570,734881840,"gray matter of midbrain","#A0C7D5"
"12195",12195,NA,"midbrain tegmentum","MTg",NA,11,3,8660,10649,5,16,2474,"/10153/10154/10155/10648/10649/12195/","5298AE",NA,NA,"f",9074,824690733,734881840,"midbrain tegmentum","#5298AE"
"146034872",146034872,NA,"paracingulate gyrus","PaCG",NA,11,3,8660,12113,7,16,2366,"/10153/10154/10155/10156/10609/12112/12113/146034872/","EAA6AF",NA,NA,"f",8966,1551072038,734881840,"paracingulate gyrus","#EAA6AF"
"12384",12384,NA,"paravermis of cerebellum","CBPV",NA,11,3,8660,10659,9,16,2696,"/10153/10154/10155/10653/10654/10655/10656/10657/10659/12384/","4A8ECC",NA,NA,"f",9296,439451026,734881840,"paravermis of cerebellum","#4A8ECC"
"10308",10308,NA,"anterior olfactory nucleus","AON",NA,11,3,8660,10306,9,16,1739,"/10153/10154/10155/10156/10157/10158/10159/10292/10306/10308/","AA9DC6",NA,NA,"f",8339,2739385054,734881840,"anterior olfactory nucleus","#AA9DC6"
"12157",12157,NA,"cingulate gyrus, rostral (anterior) part","CgGr",NA,11,3,8660,12156,8,16,2411,"/10153/10154/10155/10156/10609/12112/12155/12156/12157/","E26880",NA,NA,"f",9011,3388709159,734881840,"cingulate gyrus rostral (anterior) part","#E26880"
"10425",10425,NA,"ventral posterior medial nucleus","VPM",NA,11,3,8660,10423,11,16,1967,"/10153/10154/10155/10156/10157/10389/10390/10391/10406/10416/10423/10425/","9E4C94",NA,NA,"f",8567,1380017014,734881840,"ventral posterior medial nucleus","#9E4C94"
"12251",12251,NA,"substantia nigra","SN",NA,11,3,8660,12195,6,16,2532,"/10153/10154/10155/10648/10649/12195/12251/","6CA9BF",NA,NA,"f",9132,2130000243,734881840,"substantia nigra","#6CA9BF"
"10467",10467,NA,"hypothalamus","HTH",NA,11,3,8660,10389,6,16,2047,"/10153/10154/10155/10156/10157/10389/10467/","E4C9D9",NA,NA,"f",8647,4069508473,734881840,"hypothalamus","#E4C9D9"
"10495",10495,NA,"mammillary region of HTH","HTHma",NA,11,3,8660,10467,7,16,2100,"/10153/10154/10155/10156/10157/10389/10467/10495/","C484A9",NA,NA,"f",8700,816009039,734881840,"mammillary region of HTH","#C484A9"
"10483",10483,NA,"tuberal region of HTH","HTHtub",NA,11,3,8660,10467,7,16,2078,"/10153/10154/10155/10156/10157/10389/10467/10483/","DBABC8",NA,NA,"f",8678,1317434805,734881840,"tuberal region of HTH","#DBABC8"
"10383",10383,NA,"extended amygdala","EXA",NA,11,3,8660,10331,7,16,1833,"/10153/10154/10155/10156/10157/10158/10331/10383/","C7E4CA",NA,NA,"f",8433,1023634394,734881840,"extended amygdala","#C7E4CA"
"10384",10384,NA,"bed nucleus of stria terminalis","BNST",NA,11,3,8660,10383,8,16,1834,"/10153/10154/10155/10156/10157/10158/10331/10383/10384/","A9D7AE",NA,NA,"f",8434,2488847189,734881840,"bed nucleus of stria terminalis","#A9D7AE"
"12741",12741,NA,"inferior cerebellar peduncle","icp",NA,11,3,8660,10668,5,16,3139,"/10153/10154/10155/10653/10668/12741/","F2F1F0",NA,NA,"f",9739,202676826,734881840,"inferior cerebellar peduncle","#F2F1F0"
"10465",10465,NA,"subthalamus","SubTH",NA,11,3,8660,10389,6,16,2042,"/10153/10154/10155/10156/10157/10389/10465/","DDD2E6",NA,NA,"f",8642,961207451,734881840,"subthalamus","#DDD2E6"
"10466",10466,NA,"subthalamic nucleus","STH",NA,11,3,8660,10465,7,16,2043,"/10153/10154/10155/10156/10157/10389/10465/10466/","B799C4",NA,NA,"f",8643,3944867409,734881840,"subthalamic nucleus","#B799C4"
"10669",10669,NA,"ventricles of hindbrain","HV",NA,11,3,8660,10653,4,16,3205,"/10153/10154/10155/10653/10669/","231F20",NA,NA,"f",9805,3761007564,734881840,"ventricles of hindbrain","#231F20"
"12805",12805,NA,"fourth ventricle","4V",NA,11,3,8660,10669,5,16,3206,"/10153/10154/10155/10653/10669/12805/","231F20",NA,NA,"f",9806,2366263365,734881840,"fourth ventricle","#231F20"
"10392",10392,NA,"anterior nuclear complex of thalamus","ANC",NA,11,3,8660,10391,8,16,1928,"/10153/10154/10155/10156/10157/10389/10390/10391/10392/","BF89BC",NA,NA,"f",8528,2064612904,734881840,"anterior nuclear complex of thalamus","#BF89BC"
"10396",10396,NA,"lateral dorsal nucleus of thalamus","LD",NA,11,3,8660,10392,9,16,1932,"/10153/10154/10155/10156/10157/10389/10390/10391/10392/10396/","B67BB4",NA,NA,"f",8532,2238764989,734881840,"lateral dorsal nucleus of thalamus","#B67BB4"
"12181",12181,NA,"pretectal region","PTR",NA,11,3,8660,10649,5,16,2461,"/10153/10154/10155/10648/10649/12181/","A0C7D5",NA,NA,"f",9061,3557876670,734881840,"pretectal region","#A0C7D5"
"12121",12121,NA,"gyrus rectus (straight gyrus)","ReG",NA,11,3,8660,12113,7,16,2360,"/10153/10154/10155/10156/10609/12112/12113/12121/","B8A26D",NA,NA,"f",8960,3372866835,734881840,"gyrus rectus (straight gyrus)","#B8A26D"
"146034876",146034876,NA,"rostral gyrus","RoG",NA,11,3,8660,12113,7,16,2369,"/10153/10154/10155/10156/10609/12112/12113/146034876/","B8A26D",NA,NA,"f",8969,1875005621,734881840,"rostral gyrus","#B8A26D"
"12416",12416,NA,"pontine tegmentum","PnTg",NA,11,3,8660,10661,7,16,2754,"/10153/10154/10155/10653/10654/10655/10661/12416/","6586BF",NA,NA,"f",9354,386046095,734881840,"pontine tegmentum","#6586BF"
"10442",10442,NA,"intralaminar nuclear complex","ILN",NA,11,3,8660,10391,8,16,1997,"/10153/10154/10155/10156/10157/10389/10390/10391/10442/","BF89BC",NA,NA,"f",8597,3516806901,734881840,"intralaminar nuclear complex","#BF89BC"
"10448",10448,NA,"posterior group of intralaminar nuclei","PILN",NA,11,3,8660,10442,9,16,2007,"/10153/10154/10155/10156/10157/10389/10390/10391/10442/10448/","B67BB4",NA,NA,"f",8607,1224985817,734881840,"posterior group of intralaminar nuclei","#B67BB4"
"10449",10449,NA,"centromedian nucleus of thalamus","CM",NA,11,3,8660,10448,10,16,2008,"/10153/10154/10155/10156/10157/10389/10390/10391/10442/10448/10449/","B67BB4",NA,NA,"f",8608,609488855,734881840,"centromedian nucleus of thalamus","#B67BB4"
"12291",12291,NA,"midbrain tectum","MTc",NA,11,3,8660,10649,5,16,2573,"/10153/10154/10155/10648/10649/12291/","8EBDCD",NA,NA,"f",9173,4185751925,734881840,"midbrain tectum","#8EBDCD"
"12305",12305,NA,"inferior colliculus","IC",NA,11,3,8660,12291,6,16,2587,"/10153/10154/10155/10648/10649/12291/12305/","7EB3C9",NA,NA,"f",9187,3901677296,734881840,"inferior colliculus","#7EB3C9"
"12073",12073,NA,"olfactory tract","olt",NA,11,3,8660,10568,6,16,2215,"/10153/10154/10155/10156/10557/10568/12073/","F2F1F0",NA,NA,"f",8815,3254919610,734881840,"olfactory tract","#F2F1F0"
"10473",10473,NA,"supraoptic region of HTH","HTHso",NA,11,3,8660,10467,7,16,2058,"/10153/10154/10155/10156/10157/10389/10467/10473/","CF97B9",NA,NA,"f",8658,10717314,734881840,"supraoptic region of HTH","#CF97B9"
"10662",10662,NA,"myelencephalon (medulla oblongata)","Mo",NA,11,3,8660,10654,5,16,2880,"/10153/10154/10155/10653/10654/10662/","D1D7E8",NA,NA,"f",9480,397671386,734881840,"myelencephalon (medulla oblongata)","#D1D7E8"
"12538",12538,NA,"tegmentum of medulla oblongata","MoTg",NA,11,3,8660,10662,6,16,2884,"/10153/10154/10155/10653/10654/10662/12538/","838BC1",NA,NA,"f",9484,3655573726,734881840,"tegmentum of medulla oblongata","#838BC1"
"10397",10397,NA,"medial nuclear complex of thalamus","MNC",NA,11,3,8660,10391,8,16,1933,"/10153/10154/10155/10156/10157/10389/10390/10391/10397/","B67BB4",NA,NA,"f",8533,810681721,734881840,"medial nuclear complex of thalamus","#B67BB4"
"10398",10398,NA,"mediodorsal nucleus of thalamus","MD",NA,11,3,8660,10397,9,16,1934,"/10153/10154/10155/10156/10157/10389/10390/10391/10397/10398/","B067A9",NA,NA,"f",8534,2181518042,734881840,"mediodorsal nucleus of thalamus","#B067A9"
"12292",12292,NA,"superior colliculus","SC",NA,11,3,8660,12291,6,16,2574,"/10153/10154/10155/10648/10649/12291/12292/","7EB3C9",NA,NA,"f",9174,3855155085,734881840,"superior colliculus","#7EB3C9"
"12595",12595,NA,"precerebellar nuclei","PrCbN",NA,11,3,8660,12538,7,16,2943,"/10153/10154/10155/10653/10654/10662/12538/12595/","727CB6",NA,NA,"f",9543,1752341279,734881840,"precerebellar nuclei","#727CB6"
"12600",12600,NA,"inferior olive","IO",NA,11,3,8660,12595,8,16,2948,"/10153/10154/10155/10653/10654/10662/12538/12595/12600/","3E4D89",NA,NA,"f",9548,4278987652,734881840,"inferior olive","#3E4D89"
"12247",12247,NA,"red nucleus","RN",NA,11,3,8660,12195,6,16,2528,"/10153/10154/10155/10648/10649/12195/12247/","6CA9BF",NA,NA,"f",9128,4171394310,734881840,"red nucleus","#6CA9BF"
"12354",12354,NA,"superior cerebellar peduncle (brachium conjunctivum)","scp",NA,11,3,8660,10650,5,16,2644,"/10153/10154/10155/10648/10650/12354/","F2F1F0",NA,NA,"f",9244,2865398570,734881840,"superior cerebellar peduncle (brachium conjunctivum)","#F2F1F0"
"10450",10450,NA,"parafascicular nucleus of thalamus","Pf",NA,11,3,8660,10448,10,16,2011,"/10153/10154/10155/10156/10157/10389/10390/10391/10442/10448/10450/","B067A9",NA,NA,"f",8611,2894790021,734881840,"parafascicular nucleus of thalamus","#B067A9"
"10468",10468,NA,"preoptic region of HTH","HTHpo",NA,11,3,8660,10467,7,16,2048,"/10153/10154/10155/10156/10157/10389/10467/10468/","DBABC8",NA,NA,"f",8648,665522786,734881840,"preoptic region of HTH","#DBABC8"
"10586",10586,NA,"mammillothalamic tract","mtt",NA,11,3,8660,10568,6,16,2204,"/10153/10154/10155/10156/10557/10568/10586/","F2F1F0",NA,NA,"f",8804,1649345323,734881840,"mammillothalamic tract","#F2F1F0"
"12160",12160,NA,"subcallosal gyrus (parolfactory gyrus)","SCG",NA,11,3,8660,12155,7,16,2415,"/10153/10154/10155/10156/10609/12112/12155/12160/","E26880",NA,NA,"f",9015,3694310326,734881840,"subcallosal gyrus (parolfactory gyrus)","#E26880"
"12535",12535,NA,"pyramidal part of medulla oblongata","MoPy",NA,11,3,8660,10662,6,16,2881,"/10153/10154/10155/10653/10654/10662/12535/","979ECB",NA,NA,"f",9481,1124397412,734881840,"pyramidal part of medulla oblongata","#979ECB"
"10658",10658,NA,"cerebellar vermis","CBV",NA,11,3,8660,10657,8,16,2677,"/10153/10154/10155/10653/10654/10655/10656/10657/10658/","76A2D5",NA,NA,"f",9277,1494507432,734881840,"cerebellar vermis","#76A2D5"
"10451",10451,NA,"epithalamus","ETH",NA,11,3,8660,10390,7,16,2022,"/10153/10154/10155/10156/10157/10389/10390/10451/","CC9FC9",NA,NA,"f",8622,460687242,734881840,"epithalamus","#CC9FC9"
"10452",10452,NA,"habenular nuclei","HN",NA,11,3,8660,10451,8,16,2023,"/10153/10154/10155/10156/10157/10389/10390/10451/10452/","B67BB4",NA,NA,"f",8623,2334676914,734881840,"habenular nuclei","#B67BB4"
"10307",10307,NA,"olfactory bulb","OB",NA,11,3,8660,10306,9,16,1732,"/10153/10154/10155/10156/10157/10158/10159/10292/10306/10307/","D1CEE2",NA,NA,"f",8332,1746943475,734881840,"olfactory bulb","#D1CEE2"
"13045",13045,NA,"midline nuclear complex","MiN",NA,11,3,8660,10391,8,16,2017,"/10153/10154/10155/10156/10157/10389/10390/10391/13045/","A554A0",NA,NA,"f",8617,2105610563,734881840,"midline nuclear complex","#A554A0"
"10403",10403,NA,"reuniens nucleus (medioventral nucleus) of thalamus","Re",NA,11,3,8660,10397,9,16,1941,"/10153/10154/10155/10156/10157/10389/10390/10391/10397/10403/","95498A",NA,NA,"f",8541,3895315782,734881840,"reuniens nucleus (medioventral nucleus) of thalamus","#95498A"
"10602",10602,NA,"third ventricle","3V",NA,11,3,8660,10595,5,16,2264,"/10153/10154/10155/10156/10595/10602/","231F20",NA,NA,"f",8864,562407244,734881840,"third ventricle","#231F20"
"10350",10350,NA,"septal nuclei","SEP",NA,11,3,8660,10349,8,16,1899,"/10153/10154/10155/10156/10157/10158/10331/10349/10350/","CACA92",NA,NA,"f",8499,4255911532,734881840,"septal nuclei","#CACA92"
"10651",10651,NA,"ventricle of midbrain","MV",NA,11,3,8660,10648,4,16,2659,"/10153/10154/10155/10648/10651/","231F20",NA,NA,"f",9259,572137294,734881840,"ventricle of midbrain","#231F20"
"12369",12369,NA,"cerebral aqueduct","Aq",NA,11,3,8660,10651,5,16,2660,"/10153/10154/10155/10648/10651/12369/","231F20",NA,NA,"f",9260,3509002335,734881840,"cerebral aqueduct","#231F20"
"10460",10460,NA,"pineal body","Pin",NA,11,3,8660,10451,8,16,2031,"/10153/10154/10155/10156/10157/10389/10390/10451/10460/","773671",NA,NA,"f",8631,3710339990,734881840,"pineal body","#773671"
"12826",12826,NA,"central canal of medulla oblongata","cec",NA,11,3,8660,10669,5,16,3210,"/10153/10154/10155/10653/10669/12826/","231F20",NA,NA,"f",9810,1159954403,734881840,"central canal of medulla oblongata","#231F20"
